<?xml version="1.0" encoding="UTF-8"?>
<jwnl_properties language="en">
	<version publisher="Princeton" number="1.7" language="en"/>
	<dictionary class="net.didion.jwnl.dictionary.FileBackedDictionary">
		<param name="morphological_processor" value="net.didion.jwnl.dictionary.DefaultMorphologicalProcessor"/>
		<param name="file_manager" value="net.didion.jwnl.dictionary.file_manager.FileManagerImpl">
			<param name="file_type" value="net.didion.jwnl.princeton.file.PrincetonRandomAccessDictionaryFile"/>
			<param name="dictionary_path" value="/Applications/WordNet-1.7.1.1/dict"/>
		</param>
	</dictionary>
	<dictionary_element_factory class="net.didion.jwnl.princeton.data.PrincetonWN17DictionaryElementFactory"/>
	<resource class="PrincetonResource"/>
</jwnl_properties>